Seismic_Activity,Water_Level,Wind_Speed,Rainfall,Satellite_Temperature,Disaster_Label
3.745401188473625,69.81617140197451,27.769939325792947,155.72453554086542,27.85117051207718,1
9.50714306409916,53.60963663441204,81.28514210675372,143.7545632889193,27.409363972159994,0
7.319939418114051,30.952761628632775,130.94187538146124,7.692619741930706,47.1876374156311,0
5.986584841970366,81.37950197069486,109.83373296143418,102.3743482878469,27.486385995485183,1
1.5601864044243652,68.47311725538793,120.98417217921745,114.05868563575712,28.158491783858928,0
1.5599452033620265,16.26169393448913,98.8175050066076,119.64683426907014,42.78194787253891,0
0.5808361216819946,91.09271844938425,103.84148467767787,174.05171076819968,33.4921952735162,1
8.661761457749352,82.2537242923169,127.37934773479789,160.08076401806355,43.301316708655435,0
6.011150117432088,94.9799913291924,37.45020132887789,182.3715278380334,21.960984726931557,1
7.080725777960454,72.571950838836,73.41374454647107,229.46497846263847,34.62713581020153,1
0.20584494295802447,61.34151959357899,33.18141627294033,243.89572161482803,21.008408005498477,0
9.699098521619943,41.82430362906189,148.15020119949705,215.4369228679483,21.879596103660635,1
8.324426408004218,93.27284833540132,141.608900952992,286.6571087864804,47.19312360033233,0
2.1233911067827616,86.60638895004084,5.914021705275885,5.469774802908489,24.177361133527853,0
1.8182496720710062,4.521867010618941,105.83627587735327,58.73339570506383,35.972620468256515,0
1.8340450985343382,2.6366974497252005,138.7872476123499,2.268862493442636,32.33286807802119,1
3.0424224295953772,37.64633668780496,27.08630176910003,194.2424142463809,30.42029978776528,0
5.247564316322379,81.0553330781833,85.19178458289441,269.4091646849961,46.99500037061817,0
4.319450186421157,98.72761293149445,137.3232446382063,73.04468897288979,20.654701903264684,0
2.9122914019804194,15.041689110352818,5.0918967878698265,278.110363438892,39.91369058526767,0
6.118528947223795,59.41307153521351,104.613040087026,18.080217086868256,48.901833026406514,0
1.3949386065204183,38.08908566310215,44.60235110588261,280.3308080416543,36.805045503855254,0
2.9214464853521815,96.99143978146031,138.65942930647955,105.48680617189032,48.104673860992754,0
3.663618432936917,84.21189231357087,145.65873677480516,30.426248534764955,21.56773637858071,0
4.56069984217036,83.83287047111378,141.63997336701507,145.7615277558977,32.56379957222484,1
7.851759613930136,46.86931597949703,71.13213249861957,77.03297031615239,27.804733728861535,0
1.9967378215835974,41.48195023376652,129.30639764839702,85.46187058857684,41.924628949421894,0
5.142344384136116,27.340707193070624,126.68240978026056,92.18698947788597,49.4389127149174,1
5.924145688620425,5.6375496650927115,47.86507098648835,240.90776934979903,27.695901873327436,0
0.46450412719997725,86.47223762550531,124.33732112260161,161.74838300257633,39.62523804422223,1
6.075448519014383,81.29010091300776,5.551145207323893,93.39230974680109,25.942928982792203,0
1.7052412368729153,99.97176732861305,89.44048177230796,183.1001349932755,36.9599076371483,1
0.6505159298527952,99.66368370739053,34.50132559315546,214.84520226695807,33.91797460065008,0
9.488855372533333,55.543170560262745,18.08503286659182,81.78720022006013,49.16015988894611,0
9.656320330745594,76.89874151805105,11.542980244381374,124.06473045760545,38.255818180893996,0
8.08397348116461,94.47657298824281,104.44331638172096,36.56582800108426,30.485191162604565,1
3.0461376917337066,84.96473906774115,50.98124456520992,54.344804860404096,23.422873546638,0
0.9767211400638387,24.734810174319765,108.71501572931422,204.33535618949483,24.537404862048035,0
6.842330265121569,45.05441353100935,9.803451119841355,54.43150430868808,26.759507898537052,0
4.4015249373960135,12.915941515149498,47.29355067459155,157.54901510011805,27.52899984020894,0
1.2203823484477883,95.40510272587224,80.92369385630059,212.7138785167298,45.51848173523413,0
4.951769101112702,60.617463445088006,118.60847472584453,32.06307692842315,36.83668364847575,0
0.34388521115218396,22.864280550346272,47.81287543981049,170.19366588867106,35.70172734123099,1
9.093204020787821,67.17006844058567,93.88370646555137,76.96883511040913,23.443066156076526,0
2.587799816000169,61.81282404578958,132.89666223542807,288.8780625712739,45.80419080048305,0
6.62522284353982,35.81627180328405,92.37947822734569,145.0636940159774,41.68442909625451,0
3.1171107608941098,11.355759219962902,34.943921213045066,241.79776493254744,22.03005085700005,0
5.200680211778108,67.15731955927996,3.660117233480703,165.06796264687853,41.23505291689306,0
5.4671027934327965,52.03077009037933,130.5148310851395,13.02375985644575,36.306146520279384,0
1.8485445552552704,77.23183917356393,3.1904116275580705,189.9454126782067,22.45176037240335,0
9.695846277645586,52.01635011119934,131.2052509026299,285.4210026619971,33.74901924585969,0
7.7513282336111455,85.21815003185401,79.34057010408179,180.48354604389937,34.54088861390141,0
9.394989415641891,55.190683877448556,140.86015477693442,245.75665782803705,24.97323620489827,1
8.948273504276488,56.093797153538624,119.81748536604981,265.26193900452233,48.37094441000847,1
5.978999788110851,87.66536026583451,149.69011658000062,68.42393158467974,45.49926114441986,0
9.218742350231167,40.3482866212397,52.60677231775652,63.61345197246799,40.07067011987325,1
0.884925020519195,13.401522845064074,115.07824333966903,183.29429665529753,33.86886683001822,0
1.959828624191452,2.8782676313338973,60.28963704138632,123.30854094201142,32.35296624753526,0
0.45227288910538066,75.5137255673619,71.98134304558633,251.9583908600161,39.529204014528624,0
3.2533033076326436,62.03095513534647,94.12581948275552,270.0069370194033,36.36295608220716,0
3.8867728968948203,70.40797680992236,131.05156712795082,106.02641379081544,21.86819317645657,0
2.713490317738959,21.296416150891073,147.61252037989428,71.06116769234461,35.375079463109955,0
8.287375091519294,13.637147558676975,115.24101207967773,234.15765457315854,44.192108516985186,0
3.567533266935893,1.4544665667881929,62.66501732510007,82.44181066444082,33.77719632790874,0
2.8093450968738076,35.058755880659696,63.20355034156053,246.78429555410352,21.558697326628053,0
5.426960831582485,58.991768685463306,110.63734523833372,127.12147609462885,43.588345981520995,0
1.4092422497476265,39.22440450997323,35.81657186524535,200.26496978744115,26.04091346407923,0
8.021969807540398,43.747492202372904,16.5711169697092,28.660594150400453,27.758625046641164,0
0.7455064367977082,90.41586944937484,53.19332364611648,187.1577974029719,24.941190602968877,1
9.868869366005173,34.82554670233004,43.08584874811226,135.53030362116874,29.906451946144927,1
7.722447692966574,51.39894891598108,44.446218068398515,175.98253895264224,42.70254517065905,0
1.987156815341724,78.3653012741143,35.04116265748649,50.40426232345902,35.58157578511812,1
0.05522117123602399,39.65427823212701,6.313978445454282,221.06212348325462,26.146438224521376,0
8.154614284548341,62.20867002278735,2.6810902100120715,258.83912326296854,46.33490234456123,0
7.068573438476172,86.23637087467452,148.15835846040474,65.02194002723269,46.387455648545874,0
7.2900716804098735,94.9520623657642,64.16597006037935,28.71436665604852,46.11735275138021,0
7.712703466859457,14.707348092903793,57.64899707395225,7.091575813900919,27.16388634144618,1
0.7404465173409036,92.65876251614944,101.94709240396048,192.59145013297982,33.537180325429645,0
3.5846572854427263,49.21162930795382,32.73808317975963,182.12821082663422,49.54968968422625,0
1.1586905952512971,25.824438829895836,142.4941775925338,164.009223814221,43.16037428929971,0
8.631034258755935,45.913575623826134,117.95175216233281,69.58412883479262,20.815022636766795,0
6.232981268275579,98.0032575285477,13.411650346838927,117.2717987716544,21.95613773781476,1
3.308980248526492,49.26180939928696,62.63711636773925,178.3429005558519,33.91794130436998,0
0.6355835028602363,32.875161028750824,131.8677461343247,149.0300576577508,47.27660617584681,0
3.109823217156622,63.34008543167258,141.70980334371154,296.3356560644662,36.161053938581425,0
3.2518332202674705,24.014561877819308,70.11022668748046,40.93192576701994,34.934375241028704,0
7.29606178338064,7.586332810866391,92.01170838160616,208.54336621427814,23.164210998698916,0
6.3755747135521315,12.887972191064922,25.055091913811285,121.29563043128763,39.70340314172882,0
8.872127425763265,12.804583895777244,148.6752939205465,128.45988447768443,44.66309481800677,0
4.722149251619493,15.190269351229436,34.75075520751651,215.27932969745288,31.412600225226868,0
1.195942459383017,13.882717264941014,141.40976612026884,207.7308453973109,43.26835552775982,1
7.13244787222995,64.08747448032146,97.44699734885526,297.37679811065647,48.93429961702435,1
7.607850486168974,18.188008439914483,91.16051923182887,38.51828683623757,26.112993773830674,0
5.612771975694963,34.56672833238632,76.9032766524763,31.2328948152499,35.69988893584224,0
7.70967179954561,89.67884099060119,34.600471757663804,217.30164513862235,28.614138742537264,0
4.937955963643907,47.39616402628724,26.47920480082624,173.51607510192272,43.785632571015185,0
5.227328293819941,66.75577385210272,33.072931360526304,82.24819996794176,37.32780097643473,0
4.275410183585496,17.231987120162984,27.96573932163818,23.82581069669598,39.03747252650911,0
0.2541912674409519,19.228901880867078,116.937671035013,25.69747487892916,43.93742478847682,0
1.0789142699330445,4.086861626647886,52.51878887500951,268.25726239923546,31.879114179873646,0
0.3142918568673425,16.893506307216455,8.676401484509455,57.56019741562287,47.45270205221129,0
6.364104112637804,27.85903390319586,145.3653945211217,97.01146863465623,35.9908660173842,0
3.143559810763267,17.70104842767468,132.56788274451387,67.99692066809641,24.73864468506044,0
5.085706911647028,8.87025337570556,139.16284247928195,106.49889174958119,40.876973545064075,0
9.07566473926093,12.06358711006008,149.23617339696528,20.82715282382801,43.797840513147634,0
2.4929222914887497,46.077876803272574,26.084287382923094,155.71793727248112,29.5028503120258,0
4.103829230356297,20.63337184057925,59.43630283539881,20.28376907766447,45.71537770996259,0
7.555511385430487,36.42698610480755,113.73577135561369,240.10695234670848,47.18429764297299,0
2.2879816549162246,50.34172708548569,104.40309270806884,70.11362457312991,28.307134621334267,0
0.7697990982879299,69.03948286293652,23.08438595097826,162.0035743813532,49.50564418145666,0
2.8975145291376805,3.9312139841098936,122.37496874859266,264.0237262684375,24.221345841462753,1
1.6122128725400442,79.94103989090426,33.6660857754991,195.26321071415825,26.0604700520747,0
9.29697652342573,62.79003894909078,33.57264222339346,159.88733596540058,25.526745177140782,0
8.08120379564417,8.17590319488719,80.54616343401203,97.30012593461268,46.819691300236116,0
6.334037565104235,87.35786241067773,88.94099022625548,99.90057391745938,39.62877656974885,0
8.714605901877178,92.08724005318132,87.01293117567168,200.84608655945704,24.563128496668185,0
8.036720768991145,6.107795985486375,13.723025609663232,298.24180836635026,33.20970255105047,0
1.8657005888603584,27.687764814720374,131.61912939455706,198.55175695481358,38.458940752094065,0
8.925589984899778,80.62012797930613,39.84000638830591,167.33502521100746,22.503922549681498,1
5.393422419156507,74.82596903836584,19.427238192420624,219.19515307177383,46.472491052220164,0
8.074401551640625,18.45210193563773,133.31221198034658,139.56168368511544,44.108106063246055,0
8.960912999234932,20.93493233367103,143.34772473446301,18.042702780235565,35.15620320729914,1
3.1800347497186388,37.0472102791382,129.3191425898176,168.68904476337295,49.01379845777511,0
1.1005192452767676,48.45229851910213,121.42741120873171,287.28758535161404,32.53282937825299,1
2.279351625419417,61.825477153029595,98.28629709585326,52.590882707297894,49.523309571094934,0
4.271077886262563,36.891363956977244,82.6286055913709,207.00146724619972,40.03759996410881,1
8.18014765922493,46.25347161331479,13.04801398671152,60.280106597716944,39.04013819761825,0
8.607305832563434,74.74709381337566,61.26798196060481,160.74830534192438,24.97864685887355,0
0.06952130531190703,3.66832028905979,55.9032775518471,29.002934894015887,46.45783274913932,0
5.107473025775658,25.243694434402077,38.963067564048934,135.11128087745556,32.82469063761845,0
4.17411003148779,71.33495858845524,108.51301705328774,226.8489986685738,24.867002173474383,0
2.2210781047073027,89.52068376871993,74.38136026181562,104.27145727169463,20.37822559927277,0
1.198653673336828,51.167744211566614,12.15693238614719,199.4735173461654,36.79267050915148,0
3.3761517140362796,53.211348526531566,33.0274802924717,238.63498823691876,35.82198866368029,0
9.429097039125192,10.717201133977605,102.48881454893939,278.1533458438358,41.580608671074756,0
3.2320293202075523,44.741236682345466,11.419628923545028,70.39262455663606,46.70774159053406,0
5.187906217433661,53.261726645502314,127.6810371073153,119.79477474279244,22.382197539290885,1
7.030189588951778,24.247050363472965,74.27197905209614,45.72480399912523,41.944894710210875,0
3.63629602379294,26.924323094938096,72.0879865989972,297.7450506475126,25.622358322927468,1
9.717820827209607,37.728416310462265,88.86116769892764,278.1002903772886,45.74531159471492,0
9.624472949421111,2.007119777772637,123.70214488877238,161.98713908416786,44.571905415849685,0
2.5178229582536416,32.20791655831783,52.171381185328954,252.6099883129264,36.22381264956633,0
4.972485058923855,21.144800699654464,101.70242288385953,156.28739318161266,41.307283958699344,0
3.0087830981676964,32.74973521779147,84.85979459936866,187.07570640082793,29.430503395512453,0
2.848404943774676,11.976213181925122,40.0542405254132,26.737329634804986,34.13503696798444,0
0.36886947354532795,89.0527280739895,131.7944979532737,226.58112614904238,44.64910693131415,0
6.095643339798968,59.359245355404866,119.61390324103921,38.314045090570445,33.777955915196415,1
5.026790232288615,67.91023191444896,98.76777519876383,247.82028907575852,30.733947959763256,0
0.5147875124998935,78.91712386073382,127.58725936413629,234.60842630111577,34.826373417509,0
2.7864646423661146,49.84421989290573,130.09413014397035,212.62340932289294,44.84747757311655,0
9.082658859666537,8.69202880874237,106.25444650725522,10.848114157428634,30.05624142112618,0
2.395618906669724,53.71065418185478,125.55199925455081,90.93850678359858,25.212847794072314,0
1.448948720912231,58.68411180208791,104.62071925039254,78.93377097325286,41.36042060992342,0
4.89452760277563,74.54394741843299,102.02111576404506,108.04092224145573,44.779346381242455,0
9.856504541106007,43.16595462296794,92.79170673227765,26.29282402915156,23.019124355706,0
2.4205527151150044,12.758030279556376,112.90749593364619,281.08734690931885,27.19622338267834,0
6.721355474058786,28.377590579872447,23.790765793961054,166.1406722137129,24.25915969282982,1
7.616196153287175,36.30822963986351,132.13061387983927,91.65729319740706,30.438242347465,1
2.3763754399239967,64.59172413316013,130.7765291617848,119.09445512228503,33.51052936716238,0
7.282163486118596,57.077830466891186,4.387092455183872,134.16076215145068,42.464790108899194,0
3.677831327192532,35.60967258978462,123.8725125847144,180.17830000818518,39.534427546450225,0
6.3230583059357945,98.65152487929797,19.33048012101678,154.70382830894934,38.627857024352934,1
6.335297107608947,60.577481935688716,50.26782813887129,275.81759196432523,30.571248398289633,0
5.357746840747585,23.72267917359945,111.52623844374116,149.08904487174908,45.2434265925428,0
0.902897700544083,10.178247262040374,24.11398440724623,297.6474044469938,34.138615021944936,0
8.35302495589238,15.285913918433202,122.69505361785933,255.42748732352874,49.37314814045463,0
3.2078006497173583,24.595772838450813,124.8201266936613,62.55315430720074,39.024264148872106,0
1.8651851039985423,16.06813732595557,76.12016006412543,279.1785643931749,23.78794224693508,0
0.40775141554763916,18.656702405130577,0.957880757525037,34.90991936564283,40.28532686226302,0
5.908929431882418,28.50951686938471,43.055719976236915,245.23491254735748,29.753120462950967,0
6.775643618422825,17.33735952947548,92.53903775636132,114.18698804297402,40.58981590058292,0
0.16587828927856152,89.67654246264252,147.17792670411353,263.39229613352086,22.089234444872172,0
5.12093058299281,8.023374566164222,94.77202905250026,260.4170070322351,25.24644311527878,0
2.2649577519793795,52.451138957025464,38.970537159623966,241.77762003528633,45.67211776717359,0
6.451727904094499,41.03968269896615,95.1008554649417,237.0091308921184,26.815386710705447,1
1.7436642900499144,98.23786169086064,80.99780695737832,91.40374172941223,45.111233757288204,0
6.90937738102466,11.203890216805235,116.97680927267155,24.275784915375652,28.37828265363231,0
3.867353463005374,39.785559904574164,16.047095824043762,120.89405362954844,39.28645730176123,0
9.367299887367345,96.94704332753689,114.1541853753042,52.0573544959526,40.82451720529493,0
1.3752094414599325,86.55071258939803,81.18998680141654,208.48532667073852,35.37964259435159,0
3.410663510502585,81.707207094928,144.4488005788492,103.82991796133567,29.15932030090194,0
1.1347352124058907,25.790282704493983,51.280824905802916,292.6830602579745,26.379331291132885,1
9.246936182785628,17.088758739006582,94.89328397009221,192.2916232035996,20.995680636872788,0
8.77339353380981,66.8643219924431,139.80421582650263,246.74416909030828,29.118392037221714,0
2.579416277151556,92.93759891275857,15.37645919860189,39.75740182255453,39.594883715938494,0
6.59984046034179,55.67628930139298,140.58427308546766,258.60434468178676,48.14914455345448,0
8.172222002012159,57.161268946989985,103.182858345122,276.8271571540183,46.136134467891566,0
5.5520081159946235,27.997909366028416,10.175558865775786,146.11857564568078,42.98194329605908,0
5.296505783560065,76.94929331919369,45.14453504202244,181.87588132529322,43.653420297598956,0
2.418522909004517,18.704374855752338,106.22581329679224,229.44294027089865,39.94954710427986,0
0.9310276780589921,32.367923640424365,10.102590220315754,52.451588178123764,27.80860572698009,0
8.972157579533267,42.54364386164168,87.32556902644099,150.76982293903274,47.21585092117489,0
9.004180571633304,50.7610378684455,51.88245854294351,119.59890833169393,40.12196935717502,0
6.33101457273268,24.240973241508023,93.13732766512156,43.912197648674734,36.813218929413196,0
3.390297910487007,11.483682473920354,6.861305071876927,110.26032668745943,23.329684076404433,1
3.492095746126609,61.06200424416326,130.73052092285644,20.45169281564807,33.411666314192765,0
7.259556788702394,28.863055324025577,146.02334537660954,7.743572084846095,33.81074813605779,0
8.971102599525771,58.123822142261226,145.33167829285372,40.54988674644683,45.936908285680104,0
8.870864242651173,15.436271527420232,112.44777476143871,288.93453347675216,36.399446605633656,0
7.798755458576238,48.114010185481746,19.512936019594797,164.85886076850508,31.412016469112288,0
6.420316461542877,53.258943255158584,113.73947938935339,289.746648345966,49.30400985531978,0
0.8413996499504883,5.182353682242691,3.6880374688202266,129.7493634990396,23.321617799789472,1
1.6162871409461377,33.660427819392055,3.318532729349588,93.54483992557788,32.67645284935834,0
8.985541885270793,13.441467693897424,48.54153287243118,151.84255885207324,21.26074025514216,0
6.0642905965958995,6.337497047276774,73.29647856069987,131.85350658987304,42.19712362300791,0
0.09197051616629648,98.99602323899452,115.56111267116898,31.699405278523173,47.54229656597452,1
1.014715428660321,32.235384497472296,102.49430649097577,192.24789440706186,28.401119886514685,0
6.635017691080558,80.98744458546349,66.88540595651224,64.81145475287988,45.75025030397363,0
0.05061583846218687,25.464065476376383,41.04399994224988,185.8763864693489,28.766546913856935,0
1.6080805141749865,68.15027222239293,149.56867502365668,195.060327719446,47.32310484931746,0
5.487337893665861,76.02278598896865,63.92719533539594,45.607455938594434,42.61885710790352,0
6.918951976926932,59.56387406078443,67.70805364945132,18.404888133200448,44.14720330524316,0
6.519612595026006,47.15761885501584,24.54357317875038,234.22847582053194,20.540196668013635,0
2.242693094605598,41.18409141472685,119.22143231248941,137.94012713079604,48.88431071222078,0
7.121792213475358,34.88682665429953,104.0523338672233,17.449138651642738,41.8001297621097,0
2.3724908749680007,92.95291442478259,33.11544191831406,298.45989515093015,29.142532861584,0
3.2539969815926773,83.06194077877291,12.357156842376405,17.33416829890999,44.88183994576541,0
7.464914051180242,96.50269106665125,102.07489531120696,208.51056865756595,28.445635952447898,1
6.496328990472147,12.429722348554472,98.17668214217028,295.10367757902407,46.18261518698384,1
8.49223410494178,73.08674752036443,40.9889290497314,71.75403126477768,23.37741171235811,0
6.576128923003433,93.83404568210378,142.62953433756155,42.67481060615885,41.11057932382387,1
5.683086033354716,18.123306616566015,22.658683767135035,36.415481826728666,36.22095429934731,0
0.9367476782809248,6.6496267366777495,64.8502201563903,90.98254427027867,22.896034105863222,0
3.6771580305943354,74.11206492900591,141.54238802513984,30.31374330319401,27.25681484776517,0
2.6520236768172545,57.44731131799119,62.95909753891834,207.64840250823957,20.372121088319442,0
2.4398964337908358,84.1828776758272,95.77889214961283,18.687539439018806,34.06303896393517,0
9.730105547524456,13.97723766262895,59.63915969441914,152.82663844493692,29.03795782280001,0
3.930977246667604,79.52673118598902,41.132280352300505,299.00905615589306,37.95072452893277,0
8.920465551771134,20.162732004774455,147.59664719397423,244.19108085180565,28.917134231258515,0
6.311386259972629,16.36559428657045,61.400100947256455,184.56583146930328,28.99757334520954,0
7.948113035416484,16.426579793099293,134.11488055187016,91.87608623598351,42.2957959619481,0
5.026370931051921,81.45747202313821,34.493190883662926,187.16875088749154,21.444285079350603,0
5.769038846263591,66.51972206962002,31.965705603762494,158.1124391734955,47.08684985575962,0
4.925176938188639,52.30654247691193,4.670112432676704,127.82501516711145,45.567916231735445,1
1.952429877980445,35.88304841235025,97.75002380638276,39.213113022059844,40.03414049679219,1
7.224521152615053,87.72005408131082,55.278951558564174,265.98126457214,37.79664710322153,0
2.807723624408558,39.244510742263536,129.65373747594555,134.93539464639676,46.76907494418957,1
0.2431596643145384,81.65994394715771,70.98148600373358,58.38675354622952,25.559905385861434,0
6.454722959071678,43.91349085702184,145.22901418720826,110.32780526318689,22.36907486572486,1
1.7711067940704894,37.69444294249076,27.82882735546817,124.2389257586781,27.185305097286143,0
9.404585843529143,46.26797856696064,130.2934751933416,248.2613686700623,43.83734836100571,0
9.539285770025874,30.13778741641421,116.48952791876125,220.0843141684206,21.0401080017945,0
9.148643902204485,74.76093801762511,115.6382766966078,230.79146809240194,37.48420505250469,0
3.7015870025544437,50.27203900924791,126.71748421753315,3.309379328594164,49.8631254857393,0
0.15456616528867428,23.22126951468173,114.15359864144983,124.84619945392845,45.670882815126184,0
9.283185625877254,89.95745732745685,93.93304824471231,144.4032454905971,35.643370671307686,0
4.281841483173143,38.38912213732114,19.686731652358137,5.7576830469170055,21.90922727859927,0
9.666548190436696,54.35528611139886,4.8789269236877875,77.94396262351026,44.94120543157129,0
9.636199770892528,90.6472110964547,138.12717717235302,228.0869469366405,37.969355245316315,1
8.530094554673601,62.42379959139921,92.49754717811071,41.13291171869972,23.447989911787005,0
2.944488920695857,11.689804070836407,119.48059364642644,160.59303943577748,22.815718544700687,0
3.8509772860192526,93.98321236134751,72.2283527268825,64.56056160517124,47.28880458309777,0
8.511366715168569,62.770805307141785,17.596228344359172,3.636232393167982,40.07600788814236,0
3.1692200515627764,33.49056146570861,18.777868830382566,72.36043727986244,44.87860397950267,0
1.6949274668609249,13.927207266338726,102.8347930843457,292.7621264730161,46.36936700846802,1
5.568012624583502,79.4025189270296,64.5458842349194,240.46113356489687,37.15317056144967,0
9.36154774160781,62.00727559285135,30.07870900505051,287.87299329631,35.523390552651236,0
6.96029796674973,53.34610919763215,73.73918201121553,146.35621317790873,32.9128223096297,1
5.700611700893649,89.38925830509577,9.631340561270113,32.92085960325105,29.50839763373358,0
0.9717649377076854,78.85972112245308,87.29571028715982,164.3878466921079,33.037878825761354,0
6.150072266991698,15.167487973275119,40.34901066526465,136.31320036798826,43.21638967190469,0
9.900538501042632,31.172206779554823,119.63386509557823,253.3071248218848,38.05770293045394,0
1.4008401523652403,24.848913981446575,46.55429383853607,29.424774235273375,46.775698698645385,0
5.183296523637368,74.3946292572677,68.28302236227017,146.47234110653346,33.30140043137563,0
8.773730719279554,3.353243473577938,1.7430809862150953,45.01459940819528,38.21268736156262,0
7.407686177542044,56.98896848713165,10.867033169183832,97.40277806701799,38.93922659275966,1
6.97015740995268,76.24586857406905,58.874033461002725,221.2071232163399,37.75091486918977,0
7.024840839871093,87.67656367617495,71.99082520756852,142.80543881062997,41.07901319256549,0
3.5949115121975517,34.20817487159075,90.00308221789555,112.7664855437308,27.123004051244187,0
2.9359184426449336,82.12573046720128,43.749386806395485,118.34288357101059,35.37091332637372,0
8.093611554785136,11.063173695520723,104.24728291898138,137.834030521796,23.12674408425043,0
8.101133946791808,84.64522917345182,129.01835957838068,235.50496315111707,31.535339829344377,0
8.670723185801037,12.748866233198243,116.97764833400247,267.6254066820703,34.63001205863793,1
9.132405525564714,39.72872905603673,5.942823802253572,286.60040595117846,39.566727786364176,0
5.113423988609378,79.72953657795536,72.07604208867434,236.07101587658852,48.5159315775861,0
5.015162946871996,14.991742734877377,15.73952676272623,94.62206872440382,38.01953199645068,0
7.9829517896677515,22.92513952326415,36.30675237937912,206.44041182596266,42.307817485296795,0
6.4996393077776515,72.22525683930662,147.99938899007196,131.2809372166176,35.187981784856085,0
7.019668772577034,72.00365365460743,21.374331435226985,76.40118661381536,39.02312094128994,0
7.95792669436101,64.11476328852973,74.8332230177034,252.2614738277768,22.127966484013204,0
8.900053418175663,69.39484444671,92.72336014771787,11.527904688697499,27.63174742525541,0
3.379951568515358,54.27244433475962,105.36974558161559,270.5285976406271,30.855592796154163,1
3.75582952639944,25.179905890695274,83.94730252303711,138.44323938742025,34.17480065019541,1
0.93981939840869,34.56959935039195,1.4656271128775489,191.16044304248413,21.369462365071513,0
5.78280140996174,18.159771680142565,48.96919623659878,197.8061766617348,24.200722926599532,1
0.35942273796742086,90.84505613336283,77.65674650770671,268.53532221196093,28.30442923373917,0
4.655980181324601,58.339179476612046,13.179974871725003,191.0009046501622,49.14598072703152,1
5.426446347075766,40.08514167636399,52.59403968137711,184.18007542801854,29.940410213091525,0
2.865412521282844,46.20058036441327,4.980466318704985,19.99561216820699,34.461231743362475,1
5.9083326056901075,94.72833396118153,11.786774573253112,155.52240658356124,25.88293138215179,1
0.3050024993904943,15.33514031160802,59.53849143023941,45.050700245112495,38.323402132273046,0
0.37348188749214417,58.62298320167972,19.90736310645905,221.23013061644568,28.42049646547923,1
8.226005606596583,50.5888678884466,85.13112723923372,153.66657624380235,26.209777353152802,0
3.601906414112629,61.14542354346478,103.41974537058987,204.068333762506,35.497178853379374,0
1.2706051265188478,1.8110183820840509,120.08800486636243,12.50187018071528,20.165173974812625,0
5.222432600548044,87.21239089441515,30.022536636721515,25.437604813740965,20.22992097947676,0
7.699935530986108,93.21182824836124,25.122387338860463,214.89701641880467,26.572064273055734,0
2.1582102749684315,56.51331835892089,15.685176050160038,21.62530079960201,21.101640875024636,0
6.228904758190002,69.66508238768922,95.46453743154551,21.37701832957758,23.24077262392074,1
0.85347464993768,92.24993811772957,105.97135897303518,3.632542570466235,30.165819480162547,0
0.516817211686077,70.72386343133986,4.737921723846306,286.950419489844,44.07757038739439,0
5.31354631568148,15.253904291426135,140.43183693655348,221.2525078377021,37.16145930107902,1
5.406351216101065,57.62883601668132,7.795692547720861,105.97542255061924,35.38003177869249,1
6.374299014982066,60.67150463828559,81.19445029516056,88.96067438629657,28.80466469624365,1
7.260913337226615,42.4130671302386,106.35907791763746,104.91096892375487,47.95261158298449,0
9.758520794625346,73.64442356247228,130.64536856191285,232.39605935435455,31.91045123711575,1
5.163003483011953,93.43670147690149,107.11303981986417,198.41118332112433,22.612783003873144,0
3.2295647294124596,92.55685129067763,120.25921246046877,55.558670360240384,38.51199548353404,0
7.9518619476870365,45.08393714041321,50.91752888142091,52.2328006002253,23.41515180429804,0
2.708322512620742,11.323804584075525,122.22376706197683,29.518694914019193,30.35669428405076,0
4.389714207056361,98.48411989623345,12.017226957701272,198.09081591040143,35.22235816153427,0
0.7845638134226596,83.88980864459342,134.22249840907915,229.3117986665208,46.22667574055527,0
0.2535074341545751,12.466268120326685,82.13885642306043,79.51392849750121,34.80639741020356,0
9.626484146779251,92.08418826173724,122.59466549437406,6.283488309273844,41.06776298094993,0
8.359801205122059,86.98963620621282,67.84774267774502,24.651500242928204,49.78450516997211,0
6.95974206093698,51.88380571260721,96.53665427947874,290.35801045350917,23.94467359693945,0
4.089529444142698,59.127543574492925,78.96039914041698,88.63343324322608,28.241945765585584,0
1.7329432007084578,39.90027038701302,109.73842826329978,230.7669443514401,31.837282267929393,0
1.5643704267108605,5.476163882203133,12.244497304588437,187.39907065627912,32.65484535616494,0
2.502428981645953,33.519724164590095,9.05281259858457,114.58189189586876,32.33063225796637,0
5.4922666470612045,80.28534485980114,37.065485101521965,61.70617865866653,47.22833007669665,1
7.145959227000623,0.4632023004602859,23.93170201697825,36.41592544782193,41.42097933400569,0
6.601973767177313,33.34991716911442,130.76753498883025,184.50389041166,38.237156422721114,0
2.7993389694594284,39.81686935909433,32.882098103706646,232.3901341913364,29.281181535883462,0
9.54865280663194,53.73956029379229,146.37978837286968,193.17127606233922,44.71371152663884,0
7.378969166957685,91.98556164127605,50.534368765666024,159.0906399747475,48.65181534454967,1
5.543540525114007,34.634599436596126,27.317687353304894,12.585367029490879,44.6359484765068,0
6.117207462343522,34.69532018962277,118.45477607137187,290.54663327831514,20.046953155744188,0
4.196000624277899,73.75012481097484,98.80616632513141,239.61425749637237,39.09204110550221,0
2.4773098950115746,45.221794088980715,74.72935746797084,87.84661101028942,21.53406144326302,0
3.559726786512616,22.460482293998197,83.30453264064468,293.9910988076552,27.728216610011657,0
7.578461104643691,45.24395161326934,107.88026674083957,180.56447689089663,21.78574101043315,0
0.14393488629755868,14.085702037979985,34.26821119969481,174.72679746217395,38.113863588481635,0
1.1607264050691624,17.63869865062233,149.45008740851128,224.42195382885964,40.5976974047782,0
0.4600264202175275,49.83677727394797,146.21897432201746,243.53093642704127,23.434629141977155,0
0.40728802318970136,41.89254495045479,97.54885295204053,196.9435821994508,31.515166491349383,1
8.554605840110073,91.48459010681,29.93136763937177,38.42872390986001,33.68709526866626,1
7.036578593800237,36.23938991166331,102.0342363646937,101.48025179834951,31.071590652827496,0
4.741738290873252,58.05883502780434,10.829761346876376,278.4250920978149,23.63075001455579,0
0.9783416065100148,63.22642879195304,4.5978753308709095,67.38468355315558,32.56843370562426,0
4.916158751168323,1.3094456588333636,38.65243327668205,111.65010715125399,42.535341434252544,0
4.734717707805657,66.35373720167107,69.39344351089744,129.6230648832588,22.130229935997665,0
1.7320186991001518,17.803596686975144,130.24087581125707,131.82149690833566,22.405400422457102,1
4.33851649237973,96.10703174694551,109.0753604649462,183.88187474835766,30.643138755079526,1
3.9850473439737346,14.866272775311295,111.40597817999716,282.9227513234123,48.25177134856775,0
6.158500980522165,41.462412372702374,63.8240001672113,72.20781354975149,40.05717940168742,0
6.350936508676438,8.534966807864386,51.89024888204444,36.450412890275416,40.36009870017695,0
0.4530400977204452,99.68742518459473,55.6558144476904,59.241146957981194,30.857599725135948,0
3.746126146264712,50.21950103312426,148.14743456040867,266.07747006278083,37.80982373625615,0
6.258599157142363,59.53850173200438,6.016378711872372,193.7432437965618,20.3039355208323,0
5.031362585800877,6.7076477388427485,130.05472441836727,85.77203677174803,39.08288139228627,0
8.564898411883222,74.99604703991778,86.80131128585901,244.78408169058517,47.3986084272871,0
6.58693631618945,20.990559309558577,65.79231287843857,258.4109989090308,38.377204050344574,0
1.629344270814297,89.80542894407138,108.78864906227048,253.9543016070834,46.210957803990354,1
0.7056874740042984,20.513964048200716,73.00034121370543,275.67796009186634,41.71919166398281,0
6.424192782063156,19.068772066366655,131.0134857122491,75.67230605200848,23.616752492110706,0
0.26511310541621813,3.654966784809488,135.10527960168878,226.51257862388348,47.073599218575254,0
5.8577558127346325,47.206694510999924,63.25813903101831,138.161849182242,21.993315330673248,0
9.402302414249576,56.48411332626164,41.52416958525774,252.59956586701847,36.019024176432914,0
5.75474177875879,6.570863942835237,88.85254928900433,218.54720314848396,24.26411371380373,0
3.881699262065219,77.55276166950105,136.85450184250365,232.9342339499174,20.35119832192712,1
6.432882184423532,45.32888347480276,31.599328350849987,196.84855130432146,32.66102780382917,0
4.582528904915167,52.439026932758004,93.44498753452241,53.22863084091206,28.851221229624688,1
5.45616789315935,44.07627469382282,94.73403301387808,163.5080756690815,34.58001481392809,0
9.41464808776525,40.0763060875326,109.96695336229214,295.40092185735244,37.31599660203652,0
3.8610263780077423,55.96403313082179,19.73515276908897,281.2164199491357,21.312172169268422,0
9.611905638239142,15.52402459307125,107.37374470231329,12.952120739103501,23.69009885371237,0
9.053506419560637,18.19281304952711,136.35487809984616,49.444444718831136,36.75927189351276,0
1.9579113478929644,86.17856210135173,26.952466330536296,39.51863203636857,30.295020595179746,0
0.6936130087516545,94.61154621336327,35.63149873858165,217.79397299558866,41.87520462648344,0
1.0077800137742665,37.330931627975296,145.70926410624594,245.33559895708353,39.56874945775819,1
0.18221825651549728,27.074467314355378,27.146542906423466,64.05340989320158,45.368130889697206,1
0.944429607559284,64.39995432390158,128.15776400543686,151.7558078855487,40.77478480007676,1
6.830067734163569,40.87341710980964,73.84167846720521,252.21090840336,32.897932321704445,0
0.7118864846022899,2.538635566034486,37.08466116047656,219.84046342987517,40.18899867183298,0
3.189756302937613,15.615259736619036,130.6124851908767,162.6711616475545,28.261435227662556,0
8.448753109694545,71.59722288473975,66.79578825039982,177.10430713763188,29.18940496334638,0
0.23271935735825866,65.89239419101514,77.22260308945353,152.50816407488398,43.6695547976238,0
8.144684825889358,2.709599250348349,53.885005409964855,89.26453539564618,33.392585492047466,0
2.8185477477339993,22.197216193294945,88.94262771523911,169.50659785770483,43.951410215550574,0
1.1816482762165625,23.10747965880714,24.528580887753414,206.6655906150272,44.67267121004835,0
6.967371653641506,67.18927435987284,58.66223049776411,261.9968747582423,45.72687012983852,1
6.28942846779884,1.9710537754364155,145.41184835029313,190.8874061937744,47.49905707523622,0
8.77472013527053,10.410858198457385,38.72001490516913,228.3364611129474,32.92955661539889,0
7.350710438038858,79.99160853731894,98.51049968119383,48.021490486371896,29.566004549634165,0
8.034809303848485,17.85446620543336,48.77850963370423,138.46724232593698,37.46596239782342,1
2.820345725713065,65.27461078518748,116.0209688529901,2.799485948127989,31.135172703128827,0
1.7743954377972282,23.81827810467265,19.631049107752474,74.0036593564869,38.03222500400699,0
7.506147516408584,9.944139275934516,145.4731567617817,217.93851453390144,41.16757587931474,1
8.06834739267264,24.317219099945408,68.06843120754588,297.54298540480903,40.652150554764106,1
9.905051420006734,72.22669318556592,35.40756950196959,29.753429876164773,31.23658661060364,0
4.126176769114265,85.56964681062857,11.024512099501898,120.44829475838648,25.005806050962583,0
3.720180857927832,83.02198645669915,25.46368576313111,240.02129060974784,32.915880153866226,0
7.764129607419968,39.71835296184548,77.96609228340265,61.210690388669654,24.277824322457263,0
3.4080354025301784,66.80851365706462,50.55047646469294,166.52548479068588,46.70291105551425,0
9.307573256035647,20.498429541582098,124.33250488239142,219.92138880890244,30.376323822135724,1
8.584127518430119,29.314773026101328,64.6331285492709,184.79563507805372,24.633792416699713,0
4.289940273750183,89.63358185211197,37.30714088814449,56.40742038462484,20.763432797172527,0
7.508710677914974,1.3001923510736035,92.5717479906045,106.61537060572182,39.37467158859452,0
7.545428740846823,8.550853085446807,106.01658253281687,235.13753534561917,39.107069523642295,0
1.031238688359326,20.78862551460273,25.05628618514248,166.267954239605,30.21812499743875,0
9.025529066795666,2.6532203873819715,25.14288244324765,1.568884062873821,22.15135666542953,0
5.052523724478571,18.143543508979732,5.500714040031446,228.29722800842816,32.28886684685696,0
8.264574661077416,58.304156096969216,110.46030225984607,10.593406482071721,29.336524851901807,0
3.2004960103061175,42.1424550592498,99.57067914327077,223.72013481936963,40.31361919205028,0
8.955232284962005,89.26717110769748,71.19463136247208,60.74416804957122,38.17337748358071,0
3.892016787341631,81.7443561738441,126.62556734537957,287.42204403581405,30.9378118459262,1
0.1083765148029836,34.1817351697876,120.85052294250798,110.38222539062534,26.5367766276497,0
9.053819764192637,25.94234334312925,87.80315465951283,98.07948490142373,49.64107898466776,0
0.9128667678613356,37.96924081672669,130.2406920769888,44.666415099733406,33.62004863588345,0
3.1931363759041487,59.02949425148078,30.876181505515238,91.68126464706447,40.648227073407114,0
9.50061967050805,26.806364082287626,16.787942909659183,262.99522854846015,24.21658902735082,0
9.506071469375561,62.4148907849134,40.462441727548445,298.9003012881742,34.56769098978194,0
5.734378881232861,40.941165219124045,8.563028413397229,110.4928591520545,20.826101596083966,1
6.318372121697992,55.204718085198024,79.6754292001548,134.58318928636277,35.1636535373135,0
4.4844552197831975,43.61265291353167,140.4908538442442,216.6212814608211,48.92052221353107,0
2.9321077169806453,29.44657595419177,5.901531100276447,265.85873413952237,31.526201389574005,0
3.2866454536991596,94.84533069621567,18.31648710150402,177.91330025603526,21.16988037724735,1
6.725184560770384,76.36057941597608,67.8298542425153,117.4577094533488,20.928673727580307,0
7.5237452943768,14.011317576645254,140.08125262918574,123.78655225458712,31.639602798406084,0
7.915790437258485,86.84679758979128,47.423415746512575,208.68544394904205,24.80074809389582,0
7.896181427945539,48.743119824951364,76.08522130325886,0.9654790812836045,20.70056288984558,0
0.9120610304869037,89.45522268940914,6.2359288575588145,185.8768012379522,42.68640841850531,1
4.944203047025814,79.98552559473153,22.25148014431333,106.64790313240722,33.755690266456725,0
0.5755876001664428,42.52135044692334,147.99451844382705,238.25919938312526,28.677343159179635,0
5.495288823237355,2.24693083201174,144.76780446540684,27.89719194693965,47.002495490494425,1
4.41530501373377,26.867735938494608,0.7409971401614424,176.46068008451715,23.484168806015767,1
8.877041827582998,54.16342146608669,142.77176781348584,144.29186696583713,48.67756486865957,1
3.5091501255207866,63.347821982614725,95.86799067232505,192.69765777156823,29.419001521320585,0
1.1706701642760586,25.788768543320227,130.18774417800333,19.456078344890503,46.65211016926044,0
1.4299168205283586,13.935607407282413,68.21097834507887,173.99513622843938,38.08828629438385,0
7.615106317174723,83.4930236799299,77.33940428688754,168.44537638785712,44.80122079224462,0
6.182180633162611,98.44021807035521,73.32698703853802,168.19802832485126,49.52039489631393,0
1.0112267612279024,52.56901823026858,100.02963863191565,181.04629997893645,28.65216313456237,0
0.8410680611499743,17.16792858483035,20.947688213446934,202.94038116790867,48.83406456222779,0
7.009691314591199,27.230732651936897,4.496038480901693,241.49669990423092,31.68445684707261,0
0.7276300636419353,1.8390676547466733,46.189491238678634,80.9462160384643,31.565357142107672,0
8.218600592903563,91.4298806560499,105.702114410497,247.51482305401862,30.21161312763517,0
7.062422271564962,11.775108289014113,30.278017818442255,149.4767046790361,36.242228220427556,1
0.8134878064189976,57.651647551425356,101.0148649987376,23.11748374029935,24.624351295354614,0
0.8483771408519192,27.4055220687206,145.48680691609056,17.56527877319376,36.611344560740335,0
9.866395785011754,55.417800251579344,14.085107368412759,100.27149560881824,36.25114437230012,0
3.742707957561203,65.14203883518643,100.89031773376894,235.46909313344025,42.8570543781461,0
3.706421470668909,82.97418037072016,66.56253289568568,212.30428042227473,45.00949885812757,0
8.127995672575025,20.64212717606032,130.2213381566258,236.58448940172192,33.213240509372724,0
9.472485773838587,1.0995828658480478,26.572468417107885,155.18071693248282,29.069997480544814,0
9.860010638228708,13.688563006880727,103.89389283392468,132.05969938664717,27.780046919512834,0
7.533781852589416,90.00186418481051,125.71729344721653,44.23575801188518,25.838715101146157,0
3.762595855309158,87.38900775625153,141.69213292110348,98.45782608279346,21.729427465970748,0
0.8350071669866876,59.74131021703083,102.48720424344687,130.2058098521626,30.273439365041398,1
7.771469159274368,60.051686043365336,74.5762146012641,26.580128903885168,28.107430763923496,1
5.58404249735805,66.50366745462554,92.67708603018208,66.18358581336338,48.99252157599222,0
4.242220092469763,17.53712786234496,130.33574767180772,179.46758821912164,36.73126478750132,0
9.06354385094736,91.44119459249598,85.59146199582445,220.69893427175694,30.418311170915224,0
1.1119748230615134,41.87705248920731,4.558058954525529,299.5042534178849,37.41402802981088,1
4.926251042908591,38.31385282494975,139.64230432604666,279.9339994030673,24.175901040370867,0
0.11353644767419069,51.89177052828376,103.42901265473417,192.76955986055745,33.32131247606608,0
4.6866064199412625,4.696596677505505,101.47700786658697,126.3744159882216,38.787029642631914,1
0.5630327568183735,16.628336875607943,32.35127285965758,190.85320941246982,34.66693495377354,0
1.1881791626807192,73.80336164263704,98.83282053489857,235.6954854240696,32.053364019629726,1
1.1752624677710488,8.279866792512646,59.07966084812377,35.500857277016195,49.815451666990946,0
6.492103021160636,60.31521094663882,97.6849465562238,122.97146690888647,46.409442864467806,0
7.460448792654233,24.534910968132095,15.988954546198608,251.94068569068517,38.702178744783204,0
5.833687650971596,38.929561404197656,98.6767956904554,115.1498855799132,37.08132083546848,1
9.621725484745419,28.869373677069987,149.9120588656,171.56168136815597,38.61981439473752,1
3.748705795237041,35.567271646494916,7.231805829083404,176.33080825865946,26.039363234672997,0
2.8571208628186073,71.90459051842456,146.5761276331976,55.34287594009181,31.85413229792956,0
8.685991281894603,29.7121715623175,61.03619410843059,108.67063249568652,21.18378598672698,0
2.235958385194526,56.64046402968972,130.61301755058886,100.35338662257965,34.2663811246048,1
9.632225394406113,47.60504021990997,117.35782260874102,7.859012559619439,36.2907375187299,0
0.12154474689816341,66.36711653626482,85.05243914800018,7.257529167406574,26.832492083096287,0
9.69878826707639,93.6829739324758,110.76738138769898,249.50911310273204,48.92086541496541,0
0.43159911950576113,73.25720972102503,131.77733419520217,81.92124299184373,47.28363832811726,0
8.911431136980712,21.494037859075675,60.62104824765495,155.42362987164464,41.664297063677175,0
5.277011090862999,3.1183135061284672,49.054974234485805,89.61767207663192,36.001598862960876,0
9.929647961193004,26.22640442998251,100.13900783453771,282.20377353460213,46.099074789430546,0
0.7379656473539886,59.507793070025485,121.17689129118878,77.78902765973213,23.919570314703886,1
5.538542844013207,5.1425813484250344,114.34277021649237,128.8970438216805,43.71529382824655,0
9.69302535619099,49.636624720123635,119.67204732879517,261.81907514538057,23.744624419005447,0
5.230978441701488,59.68428489168892,65.33749722193996,252.58007003754258,43.82631987648216,1
6.293986381352625,33.424389081696084,122.67513242625324,55.83042535388319,28.273027047540708,0
6.957486889846171,77.09122037458219,18.031358305591265,240.79299293871313,46.31271743054567,0
4.545410647677732,10.65982531337718,81.67336469412743,137.4560660213678,48.32126281476194,0
6.275580800840634,7.513778173580876,0.8637990747182356,144.89066162560655,24.46387908215347,1
5.843143119231002,72.81887562036033,48.687874485040545,40.04399172478313,33.88026815196181,0
9.01158010490989,49.549131620619846,54.969230230709684,24.180454127137395,49.42962134488055,1
0.4544638034145787,68.84023964277361,59.42590374138831,218.38179209212956,34.502223079194394,0
2.809631895922303,43.48273386037462,104.32008100347933,148.93834570658993,45.90642567543635,0
9.504114840765588,24.640203323910683,58.28371519055186,131.05521078455388,37.66194566393959,0
8.902637838909163,81.91023176741997,67.3040433933796,218.85246859571902,31.259897237588056,1
4.55656752785713,79.94158789689793,35.63161963114912,229.65386969733294,28.573506665776108,0
6.201325978015367,69.46964708544267,55.98776874440101,47.67245030080607,26.096692732582618,1
2.7738118298113266,27.21451372299627,34.09044408947272,183.06754484329238,42.85394574133092,0
1.881211597237613,59.023066686908706,10.979388565266547,40.606224683305655,31.596215204690836,0
4.636984049399821,36.09738969400268,90.51728900720668,225.4125258087137,35.33826386602254,0
3.533522280260528,9.158207332663416,100.23191978325244,197.08654688014187,34.769764400035456,1
5.836561118508721,91.73135754622427,92.92355190144218,286.9843863250374,37.31837087699394,0
0.7773463696498484,13.68186309189614,69.52410657008585,20.687404906926353,45.96731436873657,0
9.743948076661665,95.02373538208025,56.96786702688447,17.116416345376294,49.422180307502884,0
9.86210744479603,44.600577295795574,129.50004743577378,84.65612240796004,32.22752625721451,1
